dealer_id,name,district,latitude,longitude
D0001,Dealer_1,Hyderabad,18.319484,79.139707
D0002,Dealer_2,Rangareddy,17.247704,77.882451
D0003,Dealer_3,Nizamabad,17.758579,78.714788
D0004,Dealer_4,Karimnagar,17.916155,78.908137
D0005,Dealer_5,Karimnagar,18.039642,77.971812
D0006,Dealer_6,Nizamabad,18.253915,78.55808
D0007,Dealer_7,Medchal,18.860209,77.84865
D0008,Dealer_8,Rangareddy,18.588771,78.558329
D0009,Dealer_9,Khammam,16.678866,78.012891
D0010,Dealer_10,Karimnagar,16.943722,78.739333
D0011,Dealer_11,Medak,17.618268,77.94104
D0012,Dealer_12,Karimnagar,17.180516,80.113816
D0013,Dealer_13,Nalgonda,18.582035,78.749059
D0014,Dealer_14,Warangal,17.230403,78.496025
D0015,Dealer_15,Medchal,17.690814,77.581766
D0016,Dealer_16,Hyderabad,16.994099,77.065133
D0017,Dealer_17,Rangareddy,17.519378,78.917757
D0018,Dealer_18,Nizamabad,16.813451,79.659189
D0019,Dealer_19,Khammam,16.219387,77.2285
D0020,Dealer_20,Medak,17.379561,79.237679
D0021,Dealer_21,Khammam,18.547142,78.032893
D0022,Dealer_22,Medchal,18.062945,78.369193
D0023,Dealer_23,Nalgonda,17.061898,79.106928
D0024,Dealer_24,Nalgonda,17.721858,77.138886
D0025,Dealer_25,Nizamabad,18.381232,79.504073
D0026,Dealer_26,Warangal,16.69955,78.716643
D0027,Dealer_27,Nalgonda,17.595224,78.608539
D0028,Dealer_28,Nizamabad,16.759756,77.862701
D0029,Dealer_29,Warangal,17.179557,79.338183
D0030,Dealer_30,Medchal,17.63488,78.103509
D0031,Dealer_31,Rangareddy,17.817359,76.121166
D0032,Dealer_32,Medchal,18.119013,77.008229
D0033,Dealer_33,Nizamabad,16.910047,77.504264
D0034,Dealer_34,Rangareddy,16.164255,79.328661
D0035,Dealer_35,Nizamabad,16.825839,78.677203
D0036,Dealer_36,Medchal,17.162464,78.781633
D0037,Dealer_37,Karimnagar,17.261458,77.373606
D0038,Dealer_38,Karimnagar,17.997013,78.004995
D0039,Dealer_39,Medchal,15.954734,78.057508
D0040,Dealer_40,Khammam,18.400608,79.080177
D0041,Dealer_41,Khammam,16.921078,78.120594
D0042,Dealer_42,Nalgonda,16.942692,80.061398
D0043,Dealer_43,Nalgonda,17.505548,78.744033
D0044,Dealer_44,Rangareddy,18.024227,78.591031
D0045,Dealer_45,Rangareddy,16.992766,78.24292
D0046,Dealer_46,Karimnagar,17.142719,78.370222
D0047,Dealer_47,Khammam,17.782104,78.441557
D0048,Dealer_48,Warangal,17.786112,78.335427
D0049,Dealer_49,Medchal,17.262908,76.801439
D0050,Dealer_50,Warangal,17.933062,78.677191
D0051,Dealer_51,Rangareddy,17.998408,76.082996
D0052,Dealer_52,Warangal,18.8707,78.288328
D0053,Dealer_53,Nizamabad,18.086546,77.568075
D0054,Dealer_54,Hyderabad,17.690219,77.557268
D0055,Dealer_55,Karimnagar,16.700985,79.931225
D0056,Dealer_56,Khammam,17.047454,78.573946
D0057,Dealer_57,Karimnagar,17.896054,78.796546
D0058,Dealer_58,Nizamabad,17.320335,78.691969
D0059,Dealer_59,Khammam,19.122732,78.353905
D0060,Dealer_60,Rangareddy,17.360879,79.240524
D0061,Dealer_61,Medchal,18.084421,79.349624
D0062,Dealer_62,Medchal,17.710984,77.485596
D0063,Dealer_63,Nalgonda,18.506745,77.482924
D0064,Dealer_64,Medak,17.442108,77.796579
D0065,Dealer_65,Nizamabad,17.148689,78.66301
D0066,Dealer_66,Khammam,17.457086,78.737537
D0067,Dealer_67,Medak,18.490969,78.762827
D0068,Dealer_68,Medak,17.004675,79.17127
D0069,Dealer_69,Medchal,18.151576,77.417914
D0070,Dealer_70,Rangareddy,17.67792,78.960938
D0071,Dealer_71,Karimnagar,16.961949,79.500565
D0072,Dealer_72,Medchal,17.079956,78.500461
D0073,Dealer_73,Nizamabad,17.061543,78.412463
D0074,Dealer_74,Nizamabad,16.32298,77.247959
D0075,Dealer_75,Khammam,18.475604,77.722431
D0076,Dealer_76,Karimnagar,16.406886,76.677288
D0077,Dealer_77,Rangareddy,16.688831,77.341528
D0078,Dealer_78,Khammam,18.513612,79.207854
D0079,Dealer_79,Rangareddy,16.64948,80.201949
D0080,Dealer_80,Rangareddy,17.985412,78.140135
D0081,Dealer_81,Medak,15.200475,80.232754
D0082,Dealer_82,Khammam,16.088342,77.083681
D0083,Dealer_83,Hyderabad,18.018056,80.351802
D0084,Dealer_84,Medchal,18.307418,78.851127
D0085,Dealer_85,Khammam,17.675803,79.082732
D0086,Dealer_86,Rangareddy,17.807143,78.624953
D0087,Dealer_87,Nalgonda,17.283361,78.349925
D0088,Dealer_88,Rangareddy,16.596828,78.17546
D0089,Dealer_89,Rangareddy,15.845635,78.321328
D0090,Dealer_90,Karimnagar,16.409127,77.517129
D0091,Dealer_91,Warangal,17.343915,79.513602
D0092,Dealer_92,Karimnagar,17.934653,77.1436
D0093,Dealer_93,Khammam,16.408297,79.152617
D0094,Dealer_94,Nalgonda,16.41401,78.220293
D0095,Dealer_95,Medchal,17.640042,77.625324
D0096,Dealer_96,Nalgonda,17.2843,77.33278
D0097,Dealer_97,Warangal,16.718906,78.655826
D0098,Dealer_98,Khammam,15.925605,78.75238
D0099,Dealer_99,Nalgonda,17.18429,78.841992
D0100,Dealer_100,Rangareddy,17.379131,79.491312
