farmer_id,name,district,village,land_area_hectares
F00001,Farmer_1,Medchal,Village_2,1.35
F00002,Farmer_2,Nalgonda,Village_16,1.03
F00003,Farmer_3,Warangal,Village_9,1.42
F00004,Farmer_4,Medchal,Village_44,1.86
F00005,Farmer_5,Khammam,Village_6,0.98
F00006,Farmer_6,Medak,Village_3,0.98
F00007,Farmer_7,Hyderabad,Village_6,1.89
F00008,Farmer_8,Warangal,Village_15,1.48
F00009,Farmer_9,Khammam,Village_39,0.87
F00010,Farmer_10,Hyderabad,Village_36,1.37
F00011,Farmer_11,Warangal,Village_46,0.87
F00012,Farmer_12,Khammam,Village_27,0.87
F00013,Farmer_13,Warangal,Village_29,1.22
F00014,Farmer_14,Nalgonda,Village_1,0.14
F00015,Farmer_15,Rangareddy,Village_45,0.24
F00016,Farmer_16,Medak,Village_22,0.82
F00017,Farmer_17,Nalgonda,Village_10,0.59
F00018,Farmer_18,Warangal,Village_49,1.26
F00019,Farmer_19,Karimnagar,Village_7,0.65
F00020,Farmer_20,Medchal,Village_25,0.39
F00021,Farmer_21,Medchal,Village_23,1.83
F00022,Farmer_22,Karimnagar,Village_39,0.99
F00023,Farmer_23,Nalgonda,Village_3,1.13
F00024,Farmer_24,Nizamabad,Village_35,0.39
F00025,Farmer_25,Medchal,Village_25,0.83
F00026,Farmer_26,Medchal,Village_36,1.16
F00027,Farmer_27,Nalgonda,Village_41,0.52
F00028,Farmer_28,Karimnagar,Village_37,1.29
F00029,Farmer_29,Warangal,Village_46,0.8
F00030,Farmer_30,Medchal,Village_3,0.95
F00031,Farmer_31,Warangal,Village_50,0.8
F00032,Farmer_32,Nalgonda,Village_6,2.03
F00033,Farmer_33,Warangal,Village_7,1.09
F00034,Farmer_34,Medak,Village_18,0.57
F00035,Farmer_35,Nizamabad,Village_41,1.51
F00036,Farmer_36,Karimnagar,Village_11,0.49
F00037,Farmer_37,Karimnagar,Village_23,1.2
F00038,Farmer_38,Warangal,Village_43,0.12
F00039,Farmer_39,Nalgonda,Village_45,0.44
F00040,Farmer_40,Medchal,Village_39,1.2
F00041,Farmer_41,Rangareddy,Village_35,1.47
F00042,Farmer_42,Warangal,Village_11,1.19
F00043,Farmer_43,Nizamabad,Village_25,1.04
F00044,Farmer_44,Nalgonda,Village_41,0.95
F00045,Farmer_45,Khammam,Village_15,0.36
F00046,Farmer_46,Karimnagar,Village_50,0.74
F00047,Farmer_47,Hyderabad,Village_15,0.87
F00048,Farmer_48,Hyderabad,Village_21,1.63
F00049,Farmer_49,Medak,Village_18,1.27
F00050,Farmer_50,Medchal,Village_14,0.22
F00051,Farmer_51,Karimnagar,Village_14,1.26
F00052,Farmer_52,Nizamabad,Village_26,0.91
F00053,Farmer_53,Nizamabad,Village_10,0.76
F00054,Farmer_54,Nalgonda,Village_9,1.41
F00055,Farmer_55,Warangal,Village_48,1.62
F00056,Farmer_56,Khammam,Village_35,1.57
F00057,Farmer_57,Nalgonda,Village_48,0.68
F00058,Farmer_58,Medak,Village_38,0.95
F00059,Farmer_59,Medak,Village_24,1.27
F00060,Farmer_60,Warangal,Village_9,1.59
F00061,Farmer_61,Khammam,Village_32,0.86
F00062,Farmer_62,Medchal,Village_49,1.01
F00063,Farmer_63,Hyderabad,Village_8,0.55
F00064,Farmer_64,Rangareddy,Village_41,0.5
F00065,Farmer_65,Rangareddy,Village_44,1.51
F00066,Farmer_66,Medak,Village_39,1.78
F00067,Farmer_67,Medchal,Village_25,1.06
F00068,Farmer_68,Medak,Village_39,1.6
F00069,Farmer_69,Nizamabad,Village_34,1.28
F00070,Farmer_70,Nalgonda,Village_36,0.78
F00071,Farmer_71,Hyderabad,Village_44,1.28
F00072,Farmer_72,Medchal,Village_44,1.87
F00073,Farmer_73,Khammam,Village_49,1.08
F00074,Farmer_74,Nalgonda,Village_50,1.88
F00075,Farmer_75,Karimnagar,Village_8,0.1
F00076,Farmer_76,Nalgonda,Village_28,1.51
F00077,Farmer_77,Rangareddy,Village_30,1.14
F00078,Farmer_78,Hyderabad,Village_47,0.95
F00079,Farmer_79,Nalgonda,Village_33,1.15
F00080,Farmer_80,Rangareddy,Village_33,0.11
F00081,Farmer_81,Medchal,Village_41,0.99
F00082,Farmer_82,Nalgonda,Village_41,1.28
F00083,Farmer_83,Khammam,Village_39,1.84
F00084,Farmer_84,Warangal,Village_10,0.84
F00085,Farmer_85,Karimnagar,Village_49,0.7
F00086,Farmer_86,Rangareddy,Village_35,0.85
F00087,Farmer_87,Khammam,Village_1,1.56
F00088,Farmer_88,Karimnagar,Village_32,1.26
F00089,Farmer_89,Hyderabad,Village_8,0.84
F00090,Farmer_90,Karimnagar,Village_20,1.36
F00091,Farmer_91,Warangal,Village_4,1.15
F00092,Farmer_92,Warangal,Village_37,1.58
F00093,Farmer_93,Medchal,Village_6,0.75
F00094,Farmer_94,Nizamabad,Village_5,0.94
F00095,Farmer_95,Khammam,Village_50,0.9
F00096,Farmer_96,Rangareddy,Village_9,0.37
F00097,Farmer_97,Nizamabad,Village_36,1.25
F00098,Farmer_98,Rangareddy,Village_17,1.23
F00099,Farmer_99,Khammam,Village_39,1.1
F00100,Farmer_100,Medak,Village_14,0.98
F00101,Farmer_101,Khammam,Village_49,0.39
F00102,Farmer_102,Warangal,Village_46,0.89
F00103,Farmer_103,Nalgonda,Village_26,0.93
F00104,Farmer_104,Karimnagar,Village_29,0.7
F00105,Farmer_105,Khammam,Village_29,1.02
F00106,Farmer_106,Medchal,Village_16,1.3
F00107,Farmer_107,Warangal,Village_5,2.04
F00108,Farmer_108,Karimnagar,Village_2,1.19
F00109,Farmer_109,Khammam,Village_15,1.23
F00110,Farmer_110,Warangal,Village_1,1.06
F00111,Farmer_111,Medchal,Village_46,0.14
F00112,Farmer_112,Hyderabad,Village_15,1.09
F00113,Farmer_113,Medchal,Village_3,1.13
F00114,Farmer_114,Karimnagar,Village_5,2.33
F00115,Farmer_115,Khammam,Village_16,1.0
F00116,Farmer_116,Nalgonda,Village_43,1.25
F00117,Farmer_117,Nizamabad,Village_14,1.08
F00118,Farmer_118,Khammam,Village_9,0.52
F00119,Farmer_119,Nizamabad,Village_16,1.67
F00120,Farmer_120,Nizamabad,Village_27,1.48
F00121,Farmer_121,Warangal,Village_7,1.5
F00122,Farmer_122,Medchal,Village_43,0.65
F00123,Farmer_123,Medak,Village_23,1.8
F00124,Farmer_124,Medak,Village_27,0.4
F00125,Farmer_125,Nizamabad,Village_47,1.39
F00126,Farmer_126,Hyderabad,Village_44,2.2
F00127,Farmer_127,Medchal,Village_4,0.6
F00128,Farmer_128,Medak,Village_47,0.82
F00129,Farmer_129,Karimnagar,Village_7,1.15
F00130,Farmer_130,Warangal,Village_13,0.85
F00131,Farmer_131,Warangal,Village_35,0.32
F00132,Farmer_132,Nizamabad,Village_9,1.13
F00133,Farmer_133,Medak,Village_12,0.57
F00134,Farmer_134,Nalgonda,Village_30,1.34
F00135,Farmer_135,Warangal,Village_5,0.64
F00136,Farmer_136,Nizamabad,Village_36,1.87
F00137,Farmer_137,Medchal,Village_4,0.71
F00138,Farmer_138,Khammam,Village_1,0.94
F00139,Farmer_139,Medchal,Village_49,1.51
F00140,Farmer_140,Warangal,Village_11,0.48
F00141,Farmer_141,Medak,Village_32,1.21
F00142,Farmer_142,Nizamabad,Village_14,1.75
F00143,Farmer_143,Medak,Village_4,0.3
F00144,Farmer_144,Rangareddy,Village_25,1.19
F00145,Farmer_145,Hyderabad,Village_25,1.23
F00146,Farmer_146,Nalgonda,Village_30,1.49
F00147,Farmer_147,Nalgonda,Village_28,0.48
F00148,Farmer_148,Khammam,Village_43,0.44
F00149,Farmer_149,Nizamabad,Village_10,1.36
F00150,Farmer_150,Warangal,Village_19,1.25
F00151,Farmer_151,Warangal,Village_4,1.23
F00152,Farmer_152,Khammam,Village_4,1.27
F00153,Farmer_153,Karimnagar,Village_4,0.76
F00154,Farmer_154,Hyderabad,Village_38,1.22
F00155,Farmer_155,Nizamabad,Village_33,1.25
F00156,Farmer_156,Khammam,Village_11,0.74
F00157,Farmer_157,Hyderabad,Village_33,2.03
F00158,Farmer_158,Medchal,Village_12,1.34
F00159,Farmer_159,Medchal,Village_39,0.5
F00160,Farmer_160,Medchal,Village_44,1.43
F00161,Farmer_161,Warangal,Village_26,0.61
F00162,Farmer_162,Medchal,Village_37,1.49
F00163,Farmer_163,Warangal,Village_38,1.68
F00164,Farmer_164,Hyderabad,Village_40,0.69
F00165,Farmer_165,Medchal,Village_27,1.58
F00166,Farmer_166,Khammam,Village_21,1.31
F00167,Farmer_167,Nalgonda,Village_14,1.51
F00168,Farmer_168,Karimnagar,Village_16,2.05
F00169,Farmer_169,Nalgonda,Village_26,0.98
F00170,Farmer_170,Rangareddy,Village_43,0.72
F00171,Farmer_171,Nalgonda,Village_30,0.66
F00172,Farmer_172,Karimnagar,Village_49,0.69
F00173,Farmer_173,Medchal,Village_1,1.06
F00174,Farmer_174,Nizamabad,Village_40,1.27
F00175,Farmer_175,Medchal,Village_5,1.24
F00176,Farmer_176,Khammam,Village_14,1.51
F00177,Farmer_177,Khammam,Village_17,1.11
F00178,Farmer_178,Rangareddy,Village_23,1.83
F00179,Farmer_179,Medchal,Village_16,0.97
F00180,Farmer_180,Karimnagar,Village_19,2.46
F00181,Farmer_181,Rangareddy,Village_29,1.41
F00182,Farmer_182,Khammam,Village_46,0.67
F00183,Farmer_183,Nalgonda,Village_40,0.56
F00184,Farmer_184,Khammam,Village_1,1.34
F00185,Farmer_185,Khammam,Village_20,0.99
F00186,Farmer_186,Medchal,Village_9,1.46
F00187,Farmer_187,Nalgonda,Village_8,1.34
F00188,Farmer_188,Medchal,Village_48,1.06
F00189,Farmer_189,Khammam,Village_10,0.68
F00190,Farmer_190,Nalgonda,Village_19,0.34
F00191,Farmer_191,Warangal,Village_46,0.88
F00192,Farmer_192,Karimnagar,Village_14,1.53
F00193,Farmer_193,Nalgonda,Village_33,1.21
F00194,Farmer_194,Nizamabad,Village_17,0.48
F00195,Farmer_195,Hyderabad,Village_6,1.19
F00196,Farmer_196,Medak,Village_18,1.29
F00197,Farmer_197,Hyderabad,Village_1,0.66
F00198,Farmer_198,Karimnagar,Village_50,1.18
F00199,Farmer_199,Rangareddy,Village_41,1.13
F00200,Farmer_200,Nalgonda,Village_11,0.53
F00201,Farmer_201,Nizamabad,Village_36,1.28
F00202,Farmer_202,Medak,Village_36,1.38
F00203,Farmer_203,Hyderabad,Village_8,1.64
F00204,Farmer_204,Medchal,Village_45,1.63
F00205,Farmer_205,Rangareddy,Village_35,0.41
F00206,Farmer_206,Hyderabad,Village_24,0.63
F00207,Farmer_207,Khammam,Village_10,1.36
F00208,Farmer_208,Medak,Village_9,1.36
F00209,Farmer_209,Hyderabad,Village_20,1.36
F00210,Farmer_210,Karimnagar,Village_3,3.03
F00211,Farmer_211,Karimnagar,Village_14,1.39
F00212,Farmer_212,Warangal,Village_43,1.67
F00213,Farmer_213,Medchal,Village_23,1.58
F00214,Farmer_214,Khammam,Village_27,1.43
F00215,Farmer_215,Rangareddy,Village_16,0.94
F00216,Farmer_216,Rangareddy,Village_12,1.48
F00217,Farmer_217,Medak,Village_2,0.71
F00218,Farmer_218,Rangareddy,Village_48,0.98
F00219,Farmer_219,Karimnagar,Village_27,0.86
F00220,Farmer_220,Warangal,Village_18,1.14
F00221,Farmer_221,Rangareddy,Village_45,2.26
F00222,Farmer_222,Medchal,Village_25,0.17
F00223,Farmer_223,Hyderabad,Village_31,1.44
F00224,Farmer_224,Warangal,Village_13,0.29
F00225,Farmer_225,Nizamabad,Village_23,0.86
F00226,Farmer_226,Nalgonda,Village_15,1.64
F00227,Farmer_227,Warangal,Village_2,1.13
F00228,Farmer_228,Warangal,Village_26,0.56
F00229,Farmer_229,Karimnagar,Village_18,0.74
F00230,Farmer_230,Medchal,Village_50,1.44
F00231,Farmer_231,Nalgonda,Village_23,0.73
F00232,Farmer_232,Khammam,Village_26,1.21
F00233,Farmer_233,Khammam,Village_22,1.12
F00234,Farmer_234,Hyderabad,Village_8,0.77
F00235,Farmer_235,Nalgonda,Village_12,2.17
F00236,Farmer_236,Nalgonda,Village_3,1.42
F00237,Farmer_237,Medchal,Village_39,0.1
F00238,Farmer_238,Medak,Village_23,1.19
F00239,Farmer_239,Karimnagar,Village_28,0.77
F00240,Farmer_240,Khammam,Village_8,1.53
F00241,Farmer_241,Medak,Village_37,0.7
F00242,Farmer_242,Warangal,Village_17,1.04
F00243,Farmer_243,Hyderabad,Village_46,1.35
F00244,Farmer_244,Medak,Village_1,1.53
F00245,Farmer_245,Khammam,Village_35,0.5
F00246,Farmer_246,Warangal,Village_24,0.93
F00247,Farmer_247,Medak,Village_5,0.86
F00248,Farmer_248,Karimnagar,Village_40,0.77
F00249,Farmer_249,Karimnagar,Village_43,1.98
F00250,Farmer_250,Medchal,Village_47,1.3
F00251,Farmer_251,Nalgonda,Village_33,0.47
F00252,Farmer_252,Nalgonda,Village_43,1.56
F00253,Farmer_253,Medak,Village_21,2.16
F00254,Farmer_254,Medak,Village_45,1.62
F00255,Farmer_255,Nalgonda,Village_36,0.34
F00256,Farmer_256,Rangareddy,Village_13,0.86
F00257,Farmer_257,Medak,Village_43,1.73
F00258,Farmer_258,Medak,Village_44,0.75
F00259,Farmer_259,Rangareddy,Village_40,1.32
F00260,Farmer_260,Nalgonda,Village_26,1.49
F00261,Farmer_261,Khammam,Village_1,0.64
F00262,Farmer_262,Nalgonda,Village_19,1.07
F00263,Farmer_263,Warangal,Village_28,0.1
F00264,Farmer_264,Karimnagar,Village_30,0.59
F00265,Farmer_265,Nizamabad,Village_29,0.97
F00266,Farmer_266,Warangal,Village_33,0.48
F00267,Farmer_267,Nizamabad,Village_48,1.92
F00268,Farmer_268,Rangareddy,Village_43,0.38
F00269,Farmer_269,Medchal,Village_19,0.88
F00270,Farmer_270,Khammam,Village_43,1.17
F00271,Farmer_271,Karimnagar,Village_6,1.82
F00272,Farmer_272,Warangal,Village_44,0.38
F00273,Farmer_273,Nalgonda,Village_15,1.68
F00274,Farmer_274,Warangal,Village_10,1.11
F00275,Farmer_275,Hyderabad,Village_3,0.61
F00276,Farmer_276,Warangal,Village_31,1.33
F00277,Farmer_277,Medchal,Village_30,1.2
F00278,Farmer_278,Medak,Village_41,0.8
F00279,Farmer_279,Warangal,Village_46,1.13
F00280,Farmer_280,Medak,Village_32,0.91
F00281,Farmer_281,Medak,Village_16,1.16
F00282,Farmer_282,Rangareddy,Village_42,1.43
F00283,Farmer_283,Hyderabad,Village_49,1.89
F00284,Farmer_284,Medchal,Village_50,0.48
F00285,Farmer_285,Medak,Village_15,2.17
F00286,Farmer_286,Rangareddy,Village_45,0.12
F00287,Farmer_287,Khammam,Village_30,1.02
F00288,Farmer_288,Hyderabad,Village_36,1.39
F00289,Farmer_289,Warangal,Village_8,1.24
F00290,Farmer_290,Nizamabad,Village_9,0.79
F00291,Farmer_291,Nizamabad,Village_43,1.0
F00292,Farmer_292,Khammam,Village_36,0.85
F00293,Farmer_293,Karimnagar,Village_49,0.81
F00294,Farmer_294,Nizamabad,Village_40,1.52
F00295,Farmer_295,Khammam,Village_28,1.28
F00296,Farmer_296,Khammam,Village_29,0.75
F00297,Farmer_297,Rangareddy,Village_48,1.55
F00298,Farmer_298,Nizamabad,Village_29,1.25
F00299,Farmer_299,Nalgonda,Village_49,1.51
F00300,Farmer_300,Warangal,Village_41,1.41
F00301,Farmer_301,Nalgonda,Village_50,0.69
F00302,Farmer_302,Khammam,Village_32,0.82
F00303,Farmer_303,Warangal,Village_18,1.47
F00304,Farmer_304,Nizamabad,Village_5,1.41
F00305,Farmer_305,Nalgonda,Village_16,1.09
F00306,Farmer_306,Nalgonda,Village_22,1.16
F00307,Farmer_307,Karimnagar,Village_35,1.74
F00308,Farmer_308,Medchal,Village_9,0.8
F00309,Farmer_309,Rangareddy,Village_15,1.37
F00310,Farmer_310,Medak,Village_45,1.0
F00311,Farmer_311,Rangareddy,Village_46,0.99
F00312,Farmer_312,Warangal,Village_5,1.65
F00313,Farmer_313,Medak,Village_27,1.51
F00314,Farmer_314,Karimnagar,Village_35,1.51
F00315,Farmer_315,Nizamabad,Village_27,1.75
F00316,Farmer_316,Hyderabad,Village_14,1.11
F00317,Farmer_317,Medak,Village_25,1.44
F00318,Farmer_318,Hyderabad,Village_49,0.94
F00319,Farmer_319,Medak,Village_31,1.26
F00320,Farmer_320,Hyderabad,Village_23,1.03
F00321,Farmer_321,Nalgonda,Village_49,1.15
F00322,Farmer_322,Medak,Village_27,1.4
F00323,Farmer_323,Khammam,Village_48,0.69
F00324,Farmer_324,Khammam,Village_39,2.15
F00325,Farmer_325,Warangal,Village_32,0.6
F00326,Farmer_326,Warangal,Village_18,0.49
F00327,Farmer_327,Medak,Village_32,1.68
F00328,Farmer_328,Hyderabad,Village_25,1.5
F00329,Farmer_329,Karimnagar,Village_43,1.41
F00330,Farmer_330,Medak,Village_47,1.41
F00331,Farmer_331,Rangareddy,Village_30,1.09
F00332,Farmer_332,Rangareddy,Village_40,0.65
F00333,Farmer_333,Khammam,Village_2,1.14
F00334,Farmer_334,Medak,Village_38,0.76
F00335,Farmer_335,Hyderabad,Village_6,1.59
F00336,Farmer_336,Medak,Village_9,1.03
F00337,Farmer_337,Nizamabad,Village_12,0.69
F00338,Farmer_338,Hyderabad,Village_17,0.94
F00339,Farmer_339,Medak,Village_21,1.31
F00340,Farmer_340,Warangal,Village_30,0.82
F00341,Farmer_341,Karimnagar,Village_22,0.69
F00342,Farmer_342,Medak,Village_18,1.22
F00343,Farmer_343,Medak,Village_17,1.22
F00344,Farmer_344,Medchal,Village_31,0.85
F00345,Farmer_345,Hyderabad,Village_48,0.86
F00346,Farmer_346,Khammam,Village_4,1.22
F00347,Farmer_347,Karimnagar,Village_15,0.38
F00348,Farmer_348,Medchal,Village_50,0.4
F00349,Farmer_349,Hyderabad,Village_49,0.74
F00350,Farmer_350,Hyderabad,Village_16,0.99
F00351,Farmer_351,Warangal,Village_2,1.26
F00352,Farmer_352,Rangareddy,Village_16,1.84
F00353,Farmer_353,Rangareddy,Village_31,1.53
F00354,Farmer_354,Medchal,Village_37,1.02
F00355,Farmer_355,Warangal,Village_30,1.09
F00356,Farmer_356,Nalgonda,Village_50,0.6
F00357,Farmer_357,Karimnagar,Village_11,1.09
F00358,Farmer_358,Medchal,Village_50,0.96
F00359,Farmer_359,Rangareddy,Village_20,1.26
F00360,Farmer_360,Medchal,Village_38,0.69
F00361,Farmer_361,Hyderabad,Village_20,1.36
F00362,Farmer_362,Medak,Village_26,1.87
F00363,Farmer_363,Warangal,Village_5,1.05
F00364,Farmer_364,Warangal,Village_7,1.3
F00365,Farmer_365,Nalgonda,Village_44,1.45
F00366,Farmer_366,Medchal,Village_37,0.9
F00367,Farmer_367,Hyderabad,Village_23,1.21
F00368,Farmer_368,Khammam,Village_28,1.11
F00369,Farmer_369,Karimnagar,Village_5,1.15
F00370,Farmer_370,Khammam,Village_42,0.71
F00371,Farmer_371,Karimnagar,Village_1,1.11
F00372,Farmer_372,Medak,Village_32,1.35
F00373,Farmer_373,Medchal,Village_28,1.83
F00374,Farmer_374,Karimnagar,Village_41,1.58
F00375,Farmer_375,Nizamabad,Village_46,2.18
F00376,Farmer_376,Rangareddy,Village_28,0.72
F00377,Farmer_377,Rangareddy,Village_47,1.54
F00378,Farmer_378,Khammam,Village_42,1.19
F00379,Farmer_379,Nalgonda,Village_40,2.19
F00380,Farmer_380,Khammam,Village_50,0.7
F00381,Farmer_381,Nizamabad,Village_30,0.68
F00382,Farmer_382,Medak,Village_47,0.8
F00383,Farmer_383,Nalgonda,Village_21,0.1
F00384,Farmer_384,Warangal,Village_6,0.84
F00385,Farmer_385,Nalgonda,Village_29,0.72
F00386,Farmer_386,Warangal,Village_49,1.18
F00387,Farmer_387,Nizamabad,Village_37,1.27
F00388,Farmer_388,Medak,Village_22,2.04
F00389,Farmer_389,Hyderabad,Village_32,1.58
F00390,Farmer_390,Karimnagar,Village_12,0.81
F00391,Farmer_391,Nizamabad,Village_14,0.65
F00392,Farmer_392,Karimnagar,Village_17,1.35
F00393,Farmer_393,Karimnagar,Village_18,0.44
F00394,Farmer_394,Nalgonda,Village_36,2.02
F00395,Farmer_395,Hyderabad,Village_34,1.69
F00396,Farmer_396,Warangal,Village_6,0.87
F00397,Farmer_397,Warangal,Village_47,0.24
F00398,Farmer_398,Medak,Village_32,1.78
F00399,Farmer_399,Khammam,Village_49,1.04
F00400,Farmer_400,Warangal,Village_45,1.72
F00401,Farmer_401,Nizamabad,Village_42,0.3
F00402,Farmer_402,Nizamabad,Village_29,0.8
F00403,Farmer_403,Hyderabad,Village_6,1.1
F00404,Farmer_404,Nalgonda,Village_15,1.12
F00405,Farmer_405,Medak,Village_45,0.87
F00406,Farmer_406,Warangal,Village_20,1.41
F00407,Farmer_407,Karimnagar,Village_31,0.57
F00408,Farmer_408,Khammam,Village_34,1.03
F00409,Farmer_409,Karimnagar,Village_28,1.16
F00410,Farmer_410,Khammam,Village_22,1.36
F00411,Farmer_411,Karimnagar,Village_45,1.46
F00412,Farmer_412,Nizamabad,Village_18,0.54
F00413,Farmer_413,Nalgonda,Village_17,0.33
F00414,Farmer_414,Warangal,Village_8,1.74
F00415,Farmer_415,Warangal,Village_21,1.27
F00416,Farmer_416,Medchal,Village_48,0.73
F00417,Farmer_417,Khammam,Village_49,1.88
F00418,Farmer_418,Rangareddy,Village_13,1.16
F00419,Farmer_419,Warangal,Village_48,1.69
F00420,Farmer_420,Nizamabad,Village_18,1.13
F00421,Farmer_421,Khammam,Village_39,2.13
F00422,Farmer_422,Nalgonda,Village_7,1.98
F00423,Farmer_423,Warangal,Village_19,0.98
F00424,Farmer_424,Warangal,Village_24,1.59
F00425,Farmer_425,Rangareddy,Village_20,1.42
F00426,Farmer_426,Hyderabad,Village_46,1.78
F00427,Farmer_427,Khammam,Village_9,0.62
F00428,Farmer_428,Nalgonda,Village_3,1.44
F00429,Farmer_429,Hyderabad,Village_36,1.63
F00430,Farmer_430,Nalgonda,Village_45,0.22
F00431,Farmer_431,Rangareddy,Village_41,0.51
F00432,Farmer_432,Nizamabad,Village_7,0.1
F00433,Farmer_433,Hyderabad,Village_37,0.97
F00434,Farmer_434,Nalgonda,Village_31,1.46
F00435,Farmer_435,Nizamabad,Village_29,1.85
F00436,Farmer_436,Karimnagar,Village_12,1.14
F00437,Farmer_437,Hyderabad,Village_17,1.91
F00438,Farmer_438,Nizamabad,Village_8,0.41
F00439,Farmer_439,Medchal,Village_26,0.25
F00440,Farmer_440,Nizamabad,Village_5,1.07
F00441,Farmer_441,Hyderabad,Village_10,1.29
F00442,Farmer_442,Rangareddy,Village_37,1.08
F00443,Farmer_443,Nalgonda,Village_6,0.1
F00444,Farmer_444,Warangal,Village_8,1.06
F00445,Farmer_445,Khammam,Village_49,0.45
F00446,Farmer_446,Medak,Village_39,1.43
F00447,Farmer_447,Warangal,Village_50,1.28
F00448,Farmer_448,Khammam,Village_25,0.63
F00449,Farmer_449,Nizamabad,Village_29,0.84
F00450,Farmer_450,Nalgonda,Village_38,0.57
F00451,Farmer_451,Medak,Village_20,1.07
F00452,Farmer_452,Hyderabad,Village_40,1.58
F00453,Farmer_453,Medchal,Village_49,0.61
F00454,Farmer_454,Warangal,Village_41,1.35
F00455,Farmer_455,Warangal,Village_17,0.83
F00456,Farmer_456,Medchal,Village_11,0.7
F00457,Farmer_457,Warangal,Village_12,1.05
F00458,Farmer_458,Khammam,Village_5,0.58
F00459,Farmer_459,Rangareddy,Village_1,0.82
F00460,Farmer_460,Medak,Village_29,0.5
F00461,Farmer_461,Nizamabad,Village_19,2.08
F00462,Farmer_462,Hyderabad,Village_15,1.12
F00463,Farmer_463,Nalgonda,Village_46,0.75
F00464,Farmer_464,Nalgonda,Village_45,1.21
F00465,Farmer_465,Nizamabad,Village_5,1.04
F00466,Farmer_466,Warangal,Village_17,0.99
F00467,Farmer_467,Warangal,Village_28,1.41
F00468,Farmer_468,Medchal,Village_35,1.48
F00469,Farmer_469,Warangal,Village_42,0.83
F00470,Farmer_470,Rangareddy,Village_18,0.81
F00471,Farmer_471,Rangareddy,Village_5,0.96
F00472,Farmer_472,Hyderabad,Village_11,0.1
F00473,Farmer_473,Nalgonda,Village_39,0.34
F00474,Farmer_474,Nalgonda,Village_29,1.78
F00475,Farmer_475,Medchal,Village_30,1.92
F00476,Farmer_476,Nalgonda,Village_45,0.98
F00477,Farmer_477,Medak,Village_18,1.39
F00478,Farmer_478,Khammam,Village_35,1.26
F00479,Farmer_479,Nizamabad,Village_29,2.64
F00480,Farmer_480,Medchal,Village_39,1.66
F00481,Farmer_481,Hyderabad,Village_28,1.04
F00482,Farmer_482,Karimnagar,Village_39,0.62
F00483,Farmer_483,Nalgonda,Village_2,0.3
F00484,Farmer_484,Medchal,Village_15,1.2
F00485,Farmer_485,Hyderabad,Village_49,0.72
F00486,Farmer_486,Nalgonda,Village_37,0.39
F00487,Farmer_487,Hyderabad,Village_49,0.78
F00488,Farmer_488,Rangareddy,Village_31,0.56
F00489,Farmer_489,Khammam,Village_42,1.94
F00490,Farmer_490,Nizamabad,Village_18,1.54
F00491,Farmer_491,Rangareddy,Village_38,1.1
F00492,Farmer_492,Medak,Village_41,1.84
F00493,Farmer_493,Nizamabad,Village_6,1.14
F00494,Farmer_494,Nizamabad,Village_23,0.67
F00495,Farmer_495,Medak,Village_22,1.86
F00496,Farmer_496,Karimnagar,Village_43,1.37
F00497,Farmer_497,Medchal,Village_11,0.58
F00498,Farmer_498,Karimnagar,Village_27,1.0
F00499,Farmer_499,Nizamabad,Village_19,0.66
F00500,Farmer_500,Medak,Village_49,0.41
F00501,Farmer_501,Khammam,Village_3,1.56
F00502,Farmer_502,Nizamabad,Village_6,2.05
F00503,Farmer_503,Karimnagar,Village_17,0.4
F00504,Farmer_504,Karimnagar,Village_8,1.38
F00505,Farmer_505,Medak,Village_33,0.77
F00506,Farmer_506,Hyderabad,Village_43,0.86
F00507,Farmer_507,Khammam,Village_30,0.8
F00508,Farmer_508,Medak,Village_4,0.67
F00509,Farmer_509,Warangal,Village_34,1.12
F00510,Farmer_510,Karimnagar,Village_40,0.68
F00511,Farmer_511,Nizamabad,Village_41,1.24
F00512,Farmer_512,Nizamabad,Village_49,1.07
F00513,Farmer_513,Hyderabad,Village_14,0.98
F00514,Farmer_514,Nalgonda,Village_36,0.65
F00515,Farmer_515,Rangareddy,Village_19,0.81
F00516,Farmer_516,Nizamabad,Village_45,1.48
F00517,Farmer_517,Nizamabad,Village_8,1.35
F00518,Farmer_518,Hyderabad,Village_41,0.61
F00519,Farmer_519,Warangal,Village_46,1.15
F00520,Farmer_520,Rangareddy,Village_20,1.48
F00521,Farmer_521,Khammam,Village_1,0.27
F00522,Farmer_522,Khammam,Village_27,1.37
F00523,Farmer_523,Medchal,Village_15,0.77
F00524,Farmer_524,Medchal,Village_30,1.39
F00525,Farmer_525,Medchal,Village_42,0.72
F00526,Farmer_526,Rangareddy,Village_32,0.2
F00527,Farmer_527,Nalgonda,Village_33,0.29
F00528,Farmer_528,Nalgonda,Village_27,1.12
F00529,Farmer_529,Nizamabad,Village_31,1.23
F00530,Farmer_530,Warangal,Village_30,0.65
F00531,Farmer_531,Khammam,Village_10,1.42
F00532,Farmer_532,Medak,Village_13,0.27
F00533,Farmer_533,Khammam,Village_48,1.07
F00534,Farmer_534,Rangareddy,Village_5,0.49
F00535,Farmer_535,Nalgonda,Village_50,0.77
F00536,Farmer_536,Medak,Village_22,1.12
F00537,Farmer_537,Khammam,Village_18,0.67
F00538,Farmer_538,Hyderabad,Village_19,0.91
F00539,Farmer_539,Nalgonda,Village_38,1.6
F00540,Farmer_540,Nizamabad,Village_10,0.81
F00541,Farmer_541,Nizamabad,Village_35,1.52
F00542,Farmer_542,Nizamabad,Village_23,0.54
F00543,Farmer_543,Karimnagar,Village_36,1.36
F00544,Farmer_544,Khammam,Village_25,1.82
F00545,Farmer_545,Nizamabad,Village_21,0.1
F00546,Farmer_546,Warangal,Village_45,0.7
F00547,Farmer_547,Warangal,Village_37,1.39
F00548,Farmer_548,Medak,Village_15,1.0
F00549,Farmer_549,Medak,Village_3,1.29
F00550,Farmer_550,Karimnagar,Village_48,0.8
F00551,Farmer_551,Nizamabad,Village_46,1.14
F00552,Farmer_552,Medak,Village_25,1.02
F00553,Farmer_553,Rangareddy,Village_32,1.68
F00554,Farmer_554,Hyderabad,Village_9,1.23
F00555,Farmer_555,Khammam,Village_38,1.27
F00556,Farmer_556,Karimnagar,Village_7,0.89
F00557,Farmer_557,Nizamabad,Village_7,0.86
F00558,Farmer_558,Khammam,Village_30,0.88
F00559,Farmer_559,Hyderabad,Village_47,1.3
F00560,Farmer_560,Rangareddy,Village_27,0.89
F00561,Farmer_561,Rangareddy,Village_5,1.24
F00562,Farmer_562,Nizamabad,Village_17,2.14
F00563,Farmer_563,Karimnagar,Village_40,1.54
F00564,Farmer_564,Medak,Village_42,0.94
F00565,Farmer_565,Medchal,Village_22,1.7
F00566,Farmer_566,Khammam,Village_25,0.9
F00567,Farmer_567,Karimnagar,Village_41,0.1
F00568,Farmer_568,Nizamabad,Village_35,0.6
F00569,Farmer_569,Hyderabad,Village_40,0.16
F00570,Farmer_570,Medchal,Village_16,0.92
F00571,Farmer_571,Nalgonda,Village_15,1.11
F00572,Farmer_572,Medchal,Village_28,1.94
F00573,Farmer_573,Medchal,Village_49,1.26
F00574,Farmer_574,Medchal,Village_29,0.99
F00575,Farmer_575,Rangareddy,Village_45,1.51
F00576,Farmer_576,Nalgonda,Village_2,0.1
F00577,Farmer_577,Hyderabad,Village_21,1.22
F00578,Farmer_578,Hyderabad,Village_19,1.49
F00579,Farmer_579,Karimnagar,Village_24,0.36
F00580,Farmer_580,Medak,Village_10,1.67
F00581,Farmer_581,Warangal,Village_34,1.27
F00582,Farmer_582,Medak,Village_37,0.89
F00583,Farmer_583,Rangareddy,Village_11,1.42
F00584,Farmer_584,Rangareddy,Village_6,2.24
F00585,Farmer_585,Medak,Village_40,1.19
F00586,Farmer_586,Warangal,Village_32,1.22
F00587,Farmer_587,Rangareddy,Village_15,0.87
F00588,Farmer_588,Nizamabad,Village_41,0.68
F00589,Farmer_589,Nalgonda,Village_30,1.52
F00590,Farmer_590,Nalgonda,Village_43,0.67
F00591,Farmer_591,Hyderabad,Village_30,1.14
F00592,Farmer_592,Nalgonda,Village_44,0.86
F00593,Farmer_593,Khammam,Village_11,1.34
F00594,Farmer_594,Medchal,Village_29,1.27
F00595,Farmer_595,Karimnagar,Village_38,1.62
F00596,Farmer_596,Nalgonda,Village_41,0.84
F00597,Farmer_597,Medak,Village_45,0.97
F00598,Farmer_598,Nalgonda,Village_30,0.61
F00599,Farmer_599,Nalgonda,Village_13,0.88
F00600,Farmer_600,Medak,Village_31,1.29
F00601,Farmer_601,Medchal,Village_16,1.48
F00602,Farmer_602,Medak,Village_37,0.64
F00603,Farmer_603,Karimnagar,Village_37,1.53
F00604,Farmer_604,Nalgonda,Village_45,1.78
F00605,Farmer_605,Nalgonda,Village_2,1.31
F00606,Farmer_606,Medak,Village_18,2.04
F00607,Farmer_607,Hyderabad,Village_37,0.71
F00608,Farmer_608,Hyderabad,Village_39,0.48
F00609,Farmer_609,Nizamabad,Village_19,0.21
F00610,Farmer_610,Warangal,Village_39,1.85
F00611,Farmer_611,Karimnagar,Village_15,1.43
F00612,Farmer_612,Warangal,Village_40,1.07
F00613,Farmer_613,Nalgonda,Village_44,1.24
F00614,Farmer_614,Rangareddy,Village_41,0.54
F00615,Farmer_615,Medchal,Village_41,2.32
F00616,Farmer_616,Hyderabad,Village_20,1.16
F00617,Farmer_617,Nizamabad,Village_3,1.15
F00618,Farmer_618,Karimnagar,Village_47,1.46
F00619,Farmer_619,Rangareddy,Village_6,1.34
F00620,Farmer_620,Nalgonda,Village_21,1.21
F00621,Farmer_621,Medak,Village_12,0.7
F00622,Farmer_622,Warangal,Village_9,1.34
F00623,Farmer_623,Khammam,Village_24,2.04
F00624,Farmer_624,Khammam,Village_33,1.77
F00625,Farmer_625,Nalgonda,Village_11,1.9
F00626,Farmer_626,Nalgonda,Village_31,0.84
F00627,Farmer_627,Nalgonda,Village_48,0.61
F00628,Farmer_628,Karimnagar,Village_8,1.04
F00629,Farmer_629,Nizamabad,Village_5,1.13
F00630,Farmer_630,Rangareddy,Village_49,1.65
F00631,Farmer_631,Warangal,Village_44,0.25
F00632,Farmer_632,Medak,Village_36,1.86
F00633,Farmer_633,Karimnagar,Village_6,1.02
F00634,Farmer_634,Medak,Village_1,0.89
F00635,Farmer_635,Nalgonda,Village_35,0.59
F00636,Farmer_636,Medchal,Village_30,0.27
F00637,Farmer_637,Karimnagar,Village_44,1.51
F00638,Farmer_638,Nalgonda,Village_38,1.14
F00639,Farmer_639,Medak,Village_41,0.46
F00640,Farmer_640,Karimnagar,Village_7,0.45
F00641,Farmer_641,Warangal,Village_31,0.93
F00642,Farmer_642,Hyderabad,Village_40,1.93
F00643,Farmer_643,Khammam,Village_21,0.97
F00644,Farmer_644,Warangal,Village_42,0.35
F00645,Farmer_645,Medchal,Village_41,0.98
F00646,Farmer_646,Nizamabad,Village_45,0.96
F00647,Farmer_647,Nalgonda,Village_42,0.1
F00648,Farmer_648,Medak,Village_8,1.07
F00649,Farmer_649,Rangareddy,Village_3,0.98
F00650,Farmer_650,Hyderabad,Village_20,1.45
F00651,Farmer_651,Nizamabad,Village_8,2.02
F00652,Farmer_652,Medchal,Village_16,1.66
F00653,Farmer_653,Khammam,Village_9,0.97
F00654,Farmer_654,Medak,Village_30,0.55
F00655,Farmer_655,Karimnagar,Village_43,2.39
F00656,Farmer_656,Khammam,Village_27,1.13
F00657,Farmer_657,Rangareddy,Village_27,1.11
F00658,Farmer_658,Medchal,Village_32,1.09
F00659,Farmer_659,Medak,Village_18,1.2
F00660,Farmer_660,Hyderabad,Village_45,1.03
F00661,Farmer_661,Karimnagar,Village_14,0.81
F00662,Farmer_662,Nizamabad,Village_29,0.83
F00663,Farmer_663,Warangal,Village_24,1.08
F00664,Farmer_664,Medchal,Village_44,0.83
F00665,Farmer_665,Karimnagar,Village_35,0.74
F00666,Farmer_666,Karimnagar,Village_4,1.15
F00667,Farmer_667,Medak,Village_18,0.97
F00668,Farmer_668,Warangal,Village_8,1.85
F00669,Farmer_669,Nizamabad,Village_6,0.1
F00670,Farmer_670,Warangal,Village_42,1.65
F00671,Farmer_671,Hyderabad,Village_4,1.72
F00672,Farmer_672,Karimnagar,Village_16,0.1
F00673,Farmer_673,Rangareddy,Village_37,0.93
F00674,Farmer_674,Warangal,Village_5,0.91
F00675,Farmer_675,Khammam,Village_14,0.4
F00676,Farmer_676,Warangal,Village_15,0.71
F00677,Farmer_677,Karimnagar,Village_50,0.54
F00678,Farmer_678,Rangareddy,Village_39,1.98
F00679,Farmer_679,Hyderabad,Village_18,1.57
F00680,Farmer_680,Rangareddy,Village_9,1.74
F00681,Farmer_681,Khammam,Village_17,1.46
F00682,Farmer_682,Rangareddy,Village_8,0.54
F00683,Farmer_683,Hyderabad,Village_9,0.84
F00684,Farmer_684,Hyderabad,Village_23,1.34
F00685,Farmer_685,Warangal,Village_38,0.49
F00686,Farmer_686,Karimnagar,Village_2,1.46
F00687,Farmer_687,Rangareddy,Village_17,0.98
F00688,Farmer_688,Hyderabad,Village_9,0.91
F00689,Farmer_689,Medak,Village_34,1.46
F00690,Farmer_690,Medchal,Village_48,1.32
F00691,Farmer_691,Medchal,Village_31,0.92
F00692,Farmer_692,Nizamabad,Village_50,1.68
F00693,Farmer_693,Karimnagar,Village_33,0.56
F00694,Farmer_694,Medchal,Village_29,1.41
F00695,Farmer_695,Khammam,Village_15,1.4
F00696,Farmer_696,Hyderabad,Village_47,0.95
F00697,Farmer_697,Khammam,Village_20,1.26
F00698,Farmer_698,Nizamabad,Village_42,0.47
F00699,Farmer_699,Hyderabad,Village_4,1.56
F00700,Farmer_700,Nizamabad,Village_26,1.01
F00701,Farmer_701,Medak,Village_44,0.84
F00702,Farmer_702,Medchal,Village_32,1.62
F00703,Farmer_703,Nizamabad,Village_5,0.75
F00704,Farmer_704,Medchal,Village_21,0.4
F00705,Farmer_705,Rangareddy,Village_5,0.32
F00706,Farmer_706,Rangareddy,Village_18,1.4
F00707,Farmer_707,Khammam,Village_46,0.46
F00708,Farmer_708,Karimnagar,Village_25,1.98
F00709,Farmer_709,Khammam,Village_19,0.1
F00710,Farmer_710,Nizamabad,Village_33,1.95
F00711,Farmer_711,Medak,Village_7,1.21
F00712,Farmer_712,Medchal,Village_42,1.05
F00713,Farmer_713,Khammam,Village_47,0.83
F00714,Farmer_714,Warangal,Village_28,1.3
F00715,Farmer_715,Nizamabad,Village_15,1.08
F00716,Farmer_716,Medak,Village_22,1.65
F00717,Farmer_717,Nizamabad,Village_26,1.16
F00718,Farmer_718,Medak,Village_47,1.18
F00719,Farmer_719,Medchal,Village_21,0.92
F00720,Farmer_720,Medak,Village_21,1.07
F00721,Farmer_721,Nalgonda,Village_24,1.25
F00722,Farmer_722,Rangareddy,Village_44,0.24
F00723,Farmer_723,Nizamabad,Village_5,0.43
F00724,Farmer_724,Medchal,Village_6,1.47
F00725,Farmer_725,Medchal,Village_28,1.19
F00726,Farmer_726,Medchal,Village_48,1.01
F00727,Farmer_727,Karimnagar,Village_9,1.11
F00728,Farmer_728,Khammam,Village_4,1.27
F00729,Farmer_729,Khammam,Village_36,0.83
F00730,Farmer_730,Karimnagar,Village_43,0.71
F00731,Farmer_731,Medchal,Village_27,1.2
F00732,Farmer_732,Karimnagar,Village_43,0.61
F00733,Farmer_733,Medak,Village_47,1.3
F00734,Farmer_734,Hyderabad,Village_19,0.25
F00735,Farmer_735,Nalgonda,Village_23,1.61
F00736,Farmer_736,Medchal,Village_37,1.34
F00737,Farmer_737,Khammam,Village_14,1.23
F00738,Farmer_738,Rangareddy,Village_43,1.59
F00739,Farmer_739,Nizamabad,Village_15,1.93
F00740,Farmer_740,Medchal,Village_23,1.61
F00741,Farmer_741,Khammam,Village_24,0.18
F00742,Farmer_742,Medchal,Village_49,0.46
F00743,Farmer_743,Nalgonda,Village_37,0.79
F00744,Farmer_744,Warangal,Village_28,1.11
F00745,Farmer_745,Khammam,Village_50,1.36
F00746,Farmer_746,Khammam,Village_2,0.74
F00747,Farmer_747,Nalgonda,Village_2,1.19
F00748,Farmer_748,Rangareddy,Village_18,0.72
F00749,Farmer_749,Nalgonda,Village_22,0.79
F00750,Farmer_750,Karimnagar,Village_1,0.4
F00751,Farmer_751,Rangareddy,Village_10,0.64
F00752,Farmer_752,Medak,Village_5,0.42
F00753,Farmer_753,Rangareddy,Village_48,0.61
F00754,Farmer_754,Hyderabad,Village_6,1.63
F00755,Farmer_755,Khammam,Village_14,0.63
F00756,Farmer_756,Medak,Village_27,2.42
F00757,Farmer_757,Nizamabad,Village_22,1.35
F00758,Farmer_758,Rangareddy,Village_24,1.19
F00759,Farmer_759,Nalgonda,Village_47,0.67
F00760,Farmer_760,Karimnagar,Village_50,1.45
F00761,Farmer_761,Medchal,Village_4,0.81
F00762,Farmer_762,Rangareddy,Village_11,1.16
F00763,Farmer_763,Hyderabad,Village_44,2.38
F00764,Farmer_764,Medchal,Village_18,1.05
F00765,Farmer_765,Nizamabad,Village_43,1.67
F00766,Farmer_766,Medak,Village_32,0.75
F00767,Farmer_767,Nizamabad,Village_27,1.08
F00768,Farmer_768,Nalgonda,Village_14,1.99
F00769,Farmer_769,Khammam,Village_8,0.79
F00770,Farmer_770,Karimnagar,Village_28,2.01
F00771,Farmer_771,Medchal,Village_19,1.45
F00772,Farmer_772,Nizamabad,Village_34,0.82
F00773,Farmer_773,Nalgonda,Village_3,1.42
F00774,Farmer_774,Warangal,Village_26,1.59
F00775,Farmer_775,Hyderabad,Village_1,1.41
F00776,Farmer_776,Warangal,Village_20,0.31
F00777,Farmer_777,Warangal,Village_50,0.74
F00778,Farmer_778,Rangareddy,Village_49,0.98
F00779,Farmer_779,Nalgonda,Village_19,1.06
F00780,Farmer_780,Karimnagar,Village_8,1.41
F00781,Farmer_781,Hyderabad,Village_32,1.19
F00782,Farmer_782,Medak,Village_12,0.43
F00783,Farmer_783,Rangareddy,Village_25,1.29
F00784,Farmer_784,Khammam,Village_46,1.41
F00785,Farmer_785,Warangal,Village_33,1.38
F00786,Farmer_786,Khammam,Village_43,1.64
F00787,Farmer_787,Karimnagar,Village_5,1.52
F00788,Farmer_788,Medak,Village_48,1.33
F00789,Farmer_789,Hyderabad,Village_28,1.06
F00790,Farmer_790,Hyderabad,Village_30,0.27
F00791,Farmer_791,Medchal,Village_21,1.31
F00792,Farmer_792,Medak,Village_37,1.2
F00793,Farmer_793,Medak,Village_46,1.24
F00794,Farmer_794,Medak,Village_19,0.46
F00795,Farmer_795,Medchal,Village_26,0.56
F00796,Farmer_796,Hyderabad,Village_21,1.63
F00797,Farmer_797,Rangareddy,Village_40,1.08
F00798,Farmer_798,Nizamabad,Village_45,1.44
F00799,Farmer_799,Karimnagar,Village_6,1.11
F00800,Farmer_800,Medak,Village_7,1.11
F00801,Farmer_801,Warangal,Village_28,1.57
F00802,Farmer_802,Medak,Village_34,0.84
F00803,Farmer_803,Medchal,Village_26,1.15
F00804,Farmer_804,Nalgonda,Village_48,0.87
F00805,Farmer_805,Karimnagar,Village_15,0.88
F00806,Farmer_806,Karimnagar,Village_50,0.95
F00807,Farmer_807,Rangareddy,Village_5,1.21
F00808,Farmer_808,Khammam,Village_41,0.86
F00809,Farmer_809,Medchal,Village_34,1.73
F00810,Farmer_810,Khammam,Village_13,0.65
F00811,Farmer_811,Karimnagar,Village_23,1.01
F00812,Farmer_812,Rangareddy,Village_16,0.88
F00813,Farmer_813,Medchal,Village_10,1.82
F00814,Farmer_814,Nalgonda,Village_13,1.2
F00815,Farmer_815,Rangareddy,Village_39,1.62
F00816,Farmer_816,Rangareddy,Village_49,0.36
F00817,Farmer_817,Medchal,Village_12,1.23
F00818,Farmer_818,Nizamabad,Village_30,1.54
F00819,Farmer_819,Nizamabad,Village_44,1.14
F00820,Farmer_820,Karimnagar,Village_41,1.63
F00821,Farmer_821,Karimnagar,Village_10,0.84
F00822,Farmer_822,Nizamabad,Village_5,1.8
F00823,Farmer_823,Nizamabad,Village_29,2.25
F00824,Farmer_824,Nalgonda,Village_18,0.92
F00825,Farmer_825,Hyderabad,Village_23,0.88
F00826,Farmer_826,Khammam,Village_5,1.83
F00827,Farmer_827,Nalgonda,Village_30,1.89
F00828,Farmer_828,Nizamabad,Village_3,0.84
F00829,Farmer_829,Hyderabad,Village_24,0.89
F00830,Farmer_830,Nalgonda,Village_5,0.96
F00831,Farmer_831,Medchal,Village_40,0.43
F00832,Farmer_832,Khammam,Village_25,0.64
F00833,Farmer_833,Nizamabad,Village_38,0.6
F00834,Farmer_834,Khammam,Village_48,0.72
F00835,Farmer_835,Hyderabad,Village_29,1.08
F00836,Farmer_836,Warangal,Village_21,1.22
F00837,Farmer_837,Nizamabad,Village_33,1.88
F00838,Farmer_838,Rangareddy,Village_4,0.6
F00839,Farmer_839,Nizamabad,Village_7,1.59
F00840,Farmer_840,Karimnagar,Village_46,0.99
F00841,Farmer_841,Medchal,Village_33,1.08
F00842,Farmer_842,Rangareddy,Village_3,1.44
F00843,Farmer_843,Warangal,Village_46,0.54
F00844,Farmer_844,Nizamabad,Village_29,1.29
F00845,Farmer_845,Khammam,Village_34,1.18
F00846,Farmer_846,Rangareddy,Village_24,1.35
F00847,Farmer_847,Karimnagar,Village_19,1.24
F00848,Farmer_848,Medak,Village_27,2.33
F00849,Farmer_849,Karimnagar,Village_44,0.78
F00850,Farmer_850,Hyderabad,Village_41,0.83
F00851,Farmer_851,Karimnagar,Village_5,0.79
F00852,Farmer_852,Karimnagar,Village_7,0.82
F00853,Farmer_853,Khammam,Village_44,0.78
F00854,Farmer_854,Medak,Village_19,1.69
F00855,Farmer_855,Nalgonda,Village_47,1.81
F00856,Farmer_856,Rangareddy,Village_22,0.81
F00857,Farmer_857,Medchal,Village_38,0.68
F00858,Farmer_858,Rangareddy,Village_23,1.34
F00859,Farmer_859,Nalgonda,Village_42,0.82
F00860,Farmer_860,Medak,Village_9,1.42
F00861,Farmer_861,Medchal,Village_20,1.2
F00862,Farmer_862,Khammam,Village_25,0.34
F00863,Farmer_863,Karimnagar,Village_9,1.87
F00864,Farmer_864,Khammam,Village_6,2.0
F00865,Farmer_865,Medak,Village_33,0.79
F00866,Farmer_866,Karimnagar,Village_2,0.91
F00867,Farmer_867,Karimnagar,Village_20,1.24
F00868,Farmer_868,Rangareddy,Village_14,1.27
F00869,Farmer_869,Karimnagar,Village_50,1.43
F00870,Farmer_870,Nizamabad,Village_13,2.11
F00871,Farmer_871,Warangal,Village_9,1.01
F00872,Farmer_872,Rangareddy,Village_5,0.7
F00873,Farmer_873,Nalgonda,Village_7,0.41
F00874,Farmer_874,Khammam,Village_50,0.73
F00875,Farmer_875,Khammam,Village_48,1.08
F00876,Farmer_876,Khammam,Village_3,2.0
F00877,Farmer_877,Karimnagar,Village_50,0.84
F00878,Farmer_878,Rangareddy,Village_39,1.21
F00879,Farmer_879,Medak,Village_10,1.09
F00880,Farmer_880,Rangareddy,Village_12,1.69
F00881,Farmer_881,Rangareddy,Village_47,2.36
F00882,Farmer_882,Nizamabad,Village_3,0.83
F00883,Farmer_883,Medak,Village_24,0.86
F00884,Farmer_884,Warangal,Village_29,1.62
F00885,Farmer_885,Nalgonda,Village_49,1.44
F00886,Farmer_886,Nizamabad,Village_15,2.02
F00887,Farmer_887,Khammam,Village_16,1.39
F00888,Farmer_888,Nalgonda,Village_31,0.92
F00889,Farmer_889,Warangal,Village_24,1.4
F00890,Farmer_890,Nizamabad,Village_30,1.65
F00891,Farmer_891,Nalgonda,Village_50,1.51
F00892,Farmer_892,Medak,Village_33,1.35
F00893,Farmer_893,Khammam,Village_27,1.63
F00894,Farmer_894,Rangareddy,Village_13,1.68
F00895,Farmer_895,Rangareddy,Village_17,1.79
F00896,Farmer_896,Hyderabad,Village_42,1.42
F00897,Farmer_897,Nizamabad,Village_24,1.02
F00898,Farmer_898,Khammam,Village_7,1.17
F00899,Farmer_899,Khammam,Village_8,1.7
F00900,Farmer_900,Nalgonda,Village_6,0.69
F00901,Farmer_901,Rangareddy,Village_18,1.28
F00902,Farmer_902,Nizamabad,Village_33,0.9
F00903,Farmer_903,Rangareddy,Village_28,1.11
F00904,Farmer_904,Medchal,Village_15,1.74
F00905,Farmer_905,Nizamabad,Village_23,1.2
F00906,Farmer_906,Hyderabad,Village_27,1.12
F00907,Farmer_907,Hyderabad,Village_26,0.42
F00908,Farmer_908,Khammam,Village_24,1.47
F00909,Farmer_909,Warangal,Village_25,1.42
F00910,Farmer_910,Medchal,Village_24,2.18
F00911,Farmer_911,Warangal,Village_2,0.95
F00912,Farmer_912,Karimnagar,Village_7,1.21
F00913,Farmer_913,Karimnagar,Village_10,1.22
F00914,Farmer_914,Rangareddy,Village_3,1.89
F00915,Farmer_915,Nalgonda,Village_31,1.05
F00916,Farmer_916,Rangareddy,Village_49,1.24
F00917,Farmer_917,Nizamabad,Village_29,1.4
F00918,Farmer_918,Hyderabad,Village_6,1.19
F00919,Farmer_919,Hyderabad,Village_17,0.88
F00920,Farmer_920,Warangal,Village_10,1.2
F00921,Farmer_921,Khammam,Village_47,1.64
F00922,Farmer_922,Khammam,Village_28,0.59
F00923,Farmer_923,Medchal,Village_50,1.17
F00924,Farmer_924,Nalgonda,Village_16,0.75
F00925,Farmer_925,Nalgonda,Village_8,1.7
F00926,Farmer_926,Hyderabad,Village_16,0.34
F00927,Farmer_927,Medak,Village_41,0.82
F00928,Farmer_928,Nizamabad,Village_5,1.29
F00929,Farmer_929,Medchal,Village_32,1.88
F00930,Farmer_930,Khammam,Village_2,1.07
F00931,Farmer_931,Khammam,Village_37,0.82
F00932,Farmer_932,Warangal,Village_46,2.04
F00933,Farmer_933,Rangareddy,Village_19,0.38
F00934,Farmer_934,Medak,Village_1,0.1
F00935,Farmer_935,Karimnagar,Village_16,1.32
F00936,Farmer_936,Medak,Village_12,0.85
F00937,Farmer_937,Medchal,Village_34,0.59
F00938,Farmer_938,Karimnagar,Village_5,1.45
F00939,Farmer_939,Khammam,Village_35,1.22
F00940,Farmer_940,Khammam,Village_33,0.82
F00941,Farmer_941,Khammam,Village_2,0.46
F00942,Farmer_942,Medak,Village_31,1.54
F00943,Farmer_943,Hyderabad,Village_41,1.43
F00944,Farmer_944,Medak,Village_24,1.05
F00945,Farmer_945,Nalgonda,Village_48,2.02
F00946,Farmer_946,Hyderabad,Village_23,0.56
F00947,Farmer_947,Medchal,Village_23,0.34
F00948,Farmer_948,Warangal,Village_47,0.75
F00949,Farmer_949,Medchal,Village_50,1.08
F00950,Farmer_950,Karimnagar,Village_9,1.22
F00951,Farmer_951,Hyderabad,Village_23,0.98
F00952,Farmer_952,Khammam,Village_22,1.28
F00953,Farmer_953,Rangareddy,Village_50,0.47
F00954,Farmer_954,Nizamabad,Village_45,1.82
F00955,Farmer_955,Nizamabad,Village_41,1.06
F00956,Farmer_956,Rangareddy,Village_9,1.66
F00957,Farmer_957,Medchal,Village_46,1.27
F00958,Farmer_958,Nizamabad,Village_3,1.33
F00959,Farmer_959,Nalgonda,Village_13,1.38
F00960,Farmer_960,Hyderabad,Village_13,1.32
F00961,Farmer_961,Hyderabad,Village_21,1.42
F00962,Farmer_962,Nalgonda,Village_33,1.76
F00963,Farmer_963,Medak,Village_35,1.2
F00964,Farmer_964,Nizamabad,Village_17,1.45
F00965,Farmer_965,Hyderabad,Village_49,1.06
F00966,Farmer_966,Warangal,Village_19,1.82
F00967,Farmer_967,Karimnagar,Village_50,0.76
F00968,Farmer_968,Hyderabad,Village_42,2.0
F00969,Farmer_969,Karimnagar,Village_18,1.08
F00970,Farmer_970,Medchal,Village_24,0.38
F00971,Farmer_971,Medak,Village_26,1.16
F00972,Farmer_972,Nizamabad,Village_25,0.76
F00973,Farmer_973,Karimnagar,Village_12,1.52
F00974,Farmer_974,Nizamabad,Village_45,0.77
F00975,Farmer_975,Nizamabad,Village_24,0.88
F00976,Farmer_976,Khammam,Village_18,0.16
F00977,Farmer_977,Medchal,Village_47,0.87
F00978,Farmer_978,Medak,Village_6,0.1
F00979,Farmer_979,Medak,Village_39,0.31
F00980,Farmer_980,Rangareddy,Village_35,1.48
F00981,Farmer_981,Nalgonda,Village_21,1.49
F00982,Farmer_982,Medchal,Village_6,1.31
F00983,Farmer_983,Karimnagar,Village_43,0.62
F00984,Farmer_984,Nalgonda,Village_20,1.08
F00985,Farmer_985,Nizamabad,Village_39,1.1
F00986,Farmer_986,Medak,Village_11,0.52
F00987,Farmer_987,Nizamabad,Village_23,1.85
F00988,Farmer_988,Nizamabad,Village_3,1.54
F00989,Farmer_989,Karimnagar,Village_40,0.99
F00990,Farmer_990,Medak,Village_18,1.11
F00991,Farmer_991,Hyderabad,Village_5,1.2
F00992,Farmer_992,Medak,Village_24,0.1
F00993,Farmer_993,Khammam,Village_48,0.98
F00994,Farmer_994,Rangareddy,Village_2,0.76
F00995,Farmer_995,Rangareddy,Village_39,0.6
F00996,Farmer_996,Nizamabad,Village_3,0.96
F00997,Farmer_997,Rangareddy,Village_5,2.0
F00998,Farmer_998,Warangal,Village_50,1.42
F00999,Farmer_999,Karimnagar,Village_24,0.81
F01000,Farmer_1000,Medak,Village_37,1.39
