district,input_type,expected_qty_per_hectare,planting_start,planting_end
Hyderabad,fertilizer,52,2025-06-01,2025-07-20
Hyderabad,seed,4,2025-05-20,2025-06-25
Medchal,fertilizer,54,2025-06-01,2025-07-20
Medchal,seed,6,2025-05-20,2025-06-25
Rangareddy,fertilizer,55,2025-06-01,2025-07-20
Rangareddy,seed,4,2025-05-20,2025-06-25
Warangal,fertilizer,51,2025-06-01,2025-07-20
Warangal,seed,5,2025-05-20,2025-06-25
Nalgonda,fertilizer,50,2025-06-01,2025-07-20
Nalgonda,seed,4,2025-05-20,2025-06-25
Karimnagar,fertilizer,50,2025-06-01,2025-07-20
Karimnagar,seed,4,2025-05-20,2025-06-25
Medak,fertilizer,54,2025-06-01,2025-07-20
Medak,seed,4,2025-05-20,2025-06-25
Nizamabad,fertilizer,54,2025-06-01,2025-07-20
Nizamabad,seed,5,2025-05-20,2025-06-25
Khammam,fertilizer,53,2025-06-01,2025-07-20
Khammam,seed,4,2025-05-20,2025-06-25
